[{"id": -1, "none": 1, "population": -1.0, "name": "Northern Cyprus", "cumulative": -1.0, "area": -1.0}, {"id": -2, "none": 1, "population": -1.0, "name": "Kosovo", "cumulative": -1.0, "area": -1.0}, {"id": -3, "none": 1, "population": -1.0, "name": "Somaliland", "cumulative": -1.0, "area": -1.0}, {"id": 4, "none": 1, "population": 31627506.0, "name": "Afghanistan", "cumulative": 88825000.00164, "area": 652860.0}, {"id": 8, "none": 1, "population": 2894475.0, "name": "Albania", "cumulative": 234457666.670596, "area": 27400.0}, {"id": 10, "none": 1, "population": -1.0, "name": "Antarctica", "cumulative": -1.0, "area": -1.0}, {"id": 12, "none": 1, "population": 38934334.0, "name": "Algeria", "cumulative": 3289835455.35063, "area": 2381740.0}, {"id": 16, "none": 1, "population": 55434.0, "name": "American Samoa", "cumulative": 200.0, "area": 200.0}, {"id": 20, "none": 1, "population": 72786.0, "name": "Andorra", "cumulative": 7685333.3332, "area": 470.0}, {"id": 24, "none": 1, "population": 24227524.0, "name": "Angola", "cumulative": 358281000.0077, "area": 1246700.0}, {"id": 28, "none": 1, "population": 90900.0, "name": "Antigua and Barbuda", "cumulative": 17570666.66693, "area": 440.0}, {"id": 31, "none": 1, "population": 9535079.0, "name": "Azerbaijan", "cumulative": 775367616.37, "area": 82659.0}, {"id": 32, "none": 1, "population": 42980026.0, "name": "Argentina", "cumulative": 6745246019.8977, "area": 2736690.0}, {"id": 36, "none": 1, "population": 23470118.0, "name": "Australia", "cumulative": 14898947065.5566, "area": 7682300.0}, {"id": 40, "none": 1, "population": 8545908.0, "name": "Austria", "cumulative": 4826374853.6524, "area": 82531.0}, {"id": 44, "none": 1, "population": 383054.0, "name": "Bahamas", "cumulative": 145519000.0013, "area": 10010.0}, {"id": 48, "none": 1, "population": 1361930.0, "name": "Bahrain", "cumulative": 567581666.658, "area": 770.0}, {"id": 50, "none": 1, "population": 159077513.0, "name": "Bangladesh", "cumulative": 859604587.527, "area": 130170.0}, {"id": 51, "none": 1, "population": 3006154.0, "name": "Armenia", "cumulative": 66733333.334, "area": 28470.0}, {"id": 52, "none": 1, "population": 283380.0, "name": "Barbados", "cumulative": 40831999.997833, "area": 430.0}, {"id": 56, "none": 1, "population": 11231213.0, "name": "Belgium", "cumulative": 11198605000.085, "area": 30280.0}, {"id": 60, "none": 1, "population": 65181.0, "name": "Bermuda", "cumulative": 21637000.00047, "area": 50.0}, {"id": 64, "none": 1, "population": 765008.0, "name": "Bhutan", "cumulative": 7186666.666692, "area": 38117.0}, {"id": 68, "none": 1, "population": 10561887.0, "name": "Bolivia", "cumulative": 316928333.3503, "area": 1083300.0}, {"id": 70, "none": 1, "population": 3817554.0, "name": "Bosnia and Herzegovina", "cumulative": 325438666.667, "area": 51200.0}, {"id": 72, "none": 1, "population": 2219937.0, "name": "Botswana", "cumulative": 93023333.33323, "area": 566730.0}, {"id": 74, "none": 1, "population": -1.0, "name": "Bouvet Island", "cumulative": -1.0, "area": -1.0}, {"id": 76, "none": 1, "population": 206077898.0, "name": "Brazil", "cumulative": 11461391649.957, "area": 8358140.0}, {"id": 84, "none": 1, "population": 351706.0, "name": "Belize", "cumulative": 13269666.66648, "area": 22810.0}, {"id": 86, "none": 1, "population": -1.0, "name": "British Indian Ocean Territory", "cumulative": -1.0, "area": -1.0}, {"id": 90, "none": 1, "population": 572171.0, "name": "Solomon Islands", "cumulative": 5804333.333221, "area": 27990.0}, {"id": 92, "none": 1, "population": -1.0, "name": "British Virgin Islands", "cumulative": 2082666.666747, "area": -1.0}, {"id": 96, "none": 1, "population": 417394.0, "name": "Brunei", "cumulative": 279583333.341607, "area": 5270.0}, {"id": 100, "none": 1, "population": 7223938.0, "name": "Bulgaria", "cumulative": 3404390599.80393, "area": 108560.0}, {"id": 104, "none": 1, "population": 53437159.0, "name": "Myanmar", "cumulative": 368646666.668103, "area": 653080.0}, {"id": 108, "none": 1, "population": 10816860.0, "name": "Burundi", "cumulative": 8657000.00017, "area": 25680.0}, {"id": 112, "none": 1, "population": 9470000.0, "name": "Belarus", "cumulative": 1220775263.09, "area": 202910.0}, {"id": 116, "none": 1, "population": 15328136.0, "name": "Cambodia", "cumulative": 59414666.66868, "area": 176520.0}, {"id": 120, "none": 1, "population": 22773014.0, "name": "Cameroon", "cumulative": 142607666.6653, "area": 472710.0}, {"id": 124, "none": 1, "population": 35543658.0, "name": "Canada", "cumulative": 27730910563.4026, "area": 9093510.0}, {"id": 132, "none": 1, "population": 513906.0, "name": "Cape Verde", "cumulative": 6141666.6667, "area": 4030.0}, {"id": 136, "none": 1, "population": 59172.0, "name": "Cayman Islands", "cumulative": 11304333.33337, "area": 240.0}, {"id": 140, "none": 1, "population": 4804316.0, "name": "Central African Republic", "cumulative": 8976000.00019, "area": 622980.0}, {"id": 144, "none": 1, "population": 20771000.0, "name": "Sri Lanka", "cumulative": 290927999.997, "area": 62710.0}, {"id": 148, "none": 1, "population": 13587053.0, "name": "Chad", "cumulative": 9001666.66656, "area": 1259200.0}, {"id": 152, "none": 1, "population": 17762647.0, "name": "Chile", "cumulative": 2169847856.4253, "area": 743532.0}, {"id": 156, "none": 1, "population": 1364270000.0, "name": "China", "cumulative": 141667379054.537, "area": 9388211.0}, {"id": 158, "none": 1, "population": -1.0, "name": "Taiwan", "cumulative": 6532229034.71367, "area": -1.0}, {"id": 162, "none": 1, "population": -1.0, "name": "Christmas Island", "cumulative": 1331000.00014, "area": -1.0}, {"id": 166, "none": 1, "population": -1.0, "name": "Cocos (Keeling) Islands", "cumulative": -1.0, "area": -1.0}, {"id": 170, "none": 1, "population": 47791393.0, "name": "Colombia", "cumulative": 2628127732.9967, "area": 1109500.0}, {"id": 174, "none": 1, "population": 769991.0, "name": "Comoros", "cumulative": 2812333.33341, "area": 1861.0}, {"id": 175, "none": 1, "population": -1.0, "name": "Mayotte", "cumulative": -1.0, "area": -1.0}, {"id": 178, "none": 1, "population": 4504962.0, "name": "Congo, Rep.", "cumulative": 50812666.6685, "area": 341500.0}, {"id": 180, "none": 1, "population": 74877030.0, "name": "Congo, Dem. Rep.", "cumulative": 179098333.337827, "area": 2267050.0}, {"id": 184, "none": 1, "population": -1.0, "name": "Cook Is", "cumulative": 1250333.33332, "area": -1.0}, {"id": 188, "none": 1, "population": 4757606.0, "name": "Costa Rica", "cumulative": 173235333.3343, "area": 51060.0}, {"id": 191, "none": 1, "population": 4238389.0, "name": "Croatia", "cumulative": 370465333.32, "area": 55960.0}, {"id": 192, "none": 1, "population": 11379111.0, "name": "Cuba", "cumulative": 1374570999.98266, "area": 106449.0}, {"id": 196, "none": 1, "population": 1153658.0, "name": "Cyprus", "cumulative": 208479333.3323, "area": 9240.0}, {"id": 203, "none": 1, "population": 10525347.0, "name": "Czech Republic", "cumulative": 2447351803.2, "area": 77230.0}, {"id": 204, "none": 1, "population": 10598482.0, "name": "Benin", "cumulative": 52558000.0007, "area": 112760.0}, {"id": 208, "none": 1, "population": 5638530.0, "name": "Denmark", "cumulative": 3704002746.3458, "area": 42430.0}, {"id": 212, "none": 1, "population": 72341.0, "name": "Dominica", "cumulative": 2805000.000118, "area": 750.0}, {"id": 214, "none": 1, "population": 10405943.0, "name": "Dominican Republic", "cumulative": 508834333.349303, "area": 48320.0}, {"id": 218, "none": 1, "population": 15902916.0, "name": "Ecuador", "cumulative": 846965320.13123, "area": 248360.0}, {"id": 222, "none": 1, "population": 6107706.0, "name": "El Salvador", "cumulative": 164237333.3295, "area": 20720.0}, {"id": 226, "none": 1, "population": 820885.0, "name": "Equatorial Guinea", "cumulative": 47464999.99998, "area": 28050.0}, {"id": 231, "none": 1, "population": 96958732.0, "name": "Ethiopia", "cumulative": 138897000.000564, "area": 1000000.0}, {"id": 232, "none": 1, "population": 5110444.0, "name": "Eritrea", "cumulative": 8810999.99987, "area": 101000.0}, {"id": 233, "none": 1, "population": 1314545.0, "name": "Estonia", "cumulative": 318497666.67334, "area": 42390.0}, {"id": 234, "none": 1, "population": 48221.0, "name": "Faeroe Islands", "cumulative": 23477666.66689, "area": 1396.0}, {"id": 238, "none": 1, "population": -1.0, "name": "Falkland Is (Malvinas)", "cumulative": 4491666.6669, "area": -1.0}, {"id": 239, "none": 1, "population": -1.0, "name": "South Georgia and the South Sandwich Islands", "cumulative": -1.0, "area": -1.0}, {"id": 242, "none": 1, "population": 886450.0, "name": "Fiji", "cumulative": 36465000.001, "area": 18270.0}, {"id": 246, "none": 1, "population": 5461512.0, "name": "Finland", "cumulative": 2701205603.33083, "area": 303890.0}, {"id": 248, "none": 1, "population": -1.0, "name": "\u00c5land Islands", "cumulative": -1.0, "area": -1.0}, {"id": 250, "none": 1, "population": 66217509.0, "name": "France", "cumulative": 35099200240.689, "area": 547557.0}, {"id": 254, "none": 1, "population": -1.0, "name": "French Guiana", "cumulative": 21890000.000143, "area": -1.0}, {"id": 258, "none": 1, "population": 279781.0, "name": "French Polynesia", "cumulative": 22304333.33313, "area": 3660.0}, {"id": 260, "none": 1, "population": -1.0, "name": "French Southern Territories", "cumulative": -1.0, "area": -1.0}, {"id": 262, "none": 1, "population": 876174.0, "name": "Djibouti", "cumulative": 15598000.00007, "area": 23180.0}, {"id": 266, "none": 1, "population": 1687673.0, "name": "Gabon", "cumulative": 159580666.66563, "area": 257670.0}, {"id": 268, "none": 1, "population": 3727000.0, "name": "Georgia", "cumulative": 100760000.0, "area": 69490.0}, {"id": 270, "none": 1, "population": 1928201.0, "name": "Gambia", "cumulative": 8605666.66657, "area": 10120.0}, {"id": 275, "none": 1, "population": 4294682.0, "name": "Palestinian Territory, Occupied", "cumulative": 6020.0, "area": 6020.0}, {"id": 276, "none": 1, "population": 80970732.0, "name": "Germany", "cumulative": 84442436572.6919, "area": 348540.0}, {"id": 288, "none": 1, "population": 26786598.0, "name": "Ghana", "cumulative": 213895000.0003, "area": 227540.0}, {"id": 292, "none": 1, "population": -1.0, "name": "Gibraltar", "cumulative": 8631333.33361, "area": -1.0}, {"id": 296, "none": 1, "population": 110470.0, "name": "Kiribati", "cumulative": 1264999.999993, "area": 810.0}, {"id": 300, "none": 1, "population": 10869637.0, "name": "Greece", "cumulative": 3173725414.4931, "area": 128900.0}, {"id": 304, "none": 1, "population": 56295.0, "name": "Greenland", "cumulative": 25457666.6666, "area": 410450.0}, {"id": 308, "none": 1, "population": 106349.0, "name": "Grenada", "cumulative": 5247000.000083, "area": 340.0}, {"id": 312, "none": 1, "population": -1.0, "name": "Guadeloupe", "cumulative": 49939999.9993, "area": -1.0}, {"id": 316, "none": 1, "population": 167543.0, "name": "Guam", "cumulative": 540.0, "area": 540.0}, {"id": 320, "none": 1, "population": 16015494.0, "name": "Guatemala", "cumulative": 285560000.00031, "area": 107160.0}, {"id": 324, "none": 1, "population": 12275527.0, "name": "Guinea", "cumulative": 49984000.0004, "area": 245720.0}, {"id": 328, "none": 1, "population": 763893.0, "name": "Guyana", "cumulative": 74154666.6672, "area": 196850.0}, {"id": 332, "none": 1, "population": 10572029.0, "name": "Haiti", "cumulative": 48994000.0002, "area": 27560.0}, {"id": 334, "none": 1, "population": -1.0, "name": "Heard Island and McDonald Islands", "cumulative": -1.0, "area": -1.0}, {"id": 336, "none": 1, "population": -1.0, "name": "Holy See (Vatican City State)", "cumulative": -1.0, "area": -1.0}, {"id": 340, "none": 1, "population": 7961680.0, "name": "Honduras", "cumulative": 156507999.9984, "area": 111890.0}, {"id": 344, "none": 1, "population": 7241700.0, "name": "Hong Kong, China", "cumulative": 1211736025.71133, "area": 1050.0}, {"id": 348, "none": 1, "population": 9863183.0, "name": "Hungary", "cumulative": 4532937885.97916, "area": 90530.0}, {"id": 352, "none": 1, "population": 327386.0, "name": "Iceland", "cumulative": 99011000.002331, "area": 100250.0}, {"id": 356, "none": 1, "population": 1295291543.0, "name": "India", "cumulative": 40064438890.0457, "area": 2973190.0}, {"id": 360, "none": 1, "population": 254454778.0, "name": "Indonesia", "cumulative": 9147954584.10204, "area": 1811570.0}, {"id": 364, "none": 1, "population": 78143644.0, "name": "Iran", "cumulative": 12376957972.0165, "area": 1628550.0}, {"id": 368, "none": 1, "population": 34812326.0, "name": "Iraq", "cumulative": 2835290333.4133, "area": 434320.0}, {"id": 372, "none": 1, "population": 4615693.0, "name": "Ireland", "cumulative": 1830823406.5839, "area": 68890.0}, {"id": 376, "none": 1, "population": 8215700.0, "name": "Israel", "cumulative": 1881192555.579, "area": 21640.0}, {"id": 380, "none": 1, "population": 60789140.0, "name": "Italy", "cumulative": 21140790727.8983, "area": 294140.0}, {"id": 384, "none": 1, "population": 22157107.0, "name": "Cote d'Ivoire", "cumulative": 248658666.6674, "area": 318000.0}, {"id": 388, "none": 1, "population": 2720554.0, "name": "Jamaica", "cumulative": 374601333.333, "area": 10830.0}, {"id": 392, "none": 1, "population": 127131800.0, "name": "Japan", "cumulative": 50701701059.4, "area": 364560.0}, {"id": 398, "none": 1, "population": 17289224.0, "name": "Kazakhstan", "cumulative": 3620499170.2, "area": 2699700.0}, {"id": 400, "none": 1, "population": 6607000.0, "name": "Jordan", "cumulative": 442449333.3198, "area": 88780.0}, {"id": 404, "none": 1, "population": 44863583.0, "name": "Kenya", "cumulative": 305986999.9953, "area": 569140.0}, {"id": 408, "none": 1, "population": 25026772.0, "name": "North Korea", "cumulative": 6120792333.27596, "area": 120410.0}, {"id": 410, "none": 1, "population": 50423955.0, "name": "South Korea", "cumulative": 12226507776.2007, "area": 97466.0}, {"id": 414, "none": 1, "population": 3753121.0, "name": "Kuwait", "cumulative": 2013364425.1626, "area": 17820.0}, {"id": 417, "none": 1, "population": 5835500.0, "name": "Kyrgyz Republic", "cumulative": 104346000.001, "area": 191800.0}, {"id": 418, "none": 1, "population": 6689300.0, "name": "Lao", "cumulative": 25916000.00021, "area": 230800.0}, {"id": 422, "none": 1, "population": 4546774.0, "name": "Lebanon", "cumulative": 479644000.008327, "area": 10230.0}, {"id": 426, "none": 1, "population": 2109197.0, "name": "Lesotho", "cumulative": 30360.0, "area": 30360.0}, {"id": 428, "none": 1, "population": 1993782.0, "name": "Latvia", "cumulative": 150740333.32402, "area": 62190.0}, {"id": 430, "none": 1, "population": 4396554.0, "name": "Liberia", "cumulative": 40846666.66561, "area": 96320.0}, {"id": 434, "none": 1, "population": 6258984.0, "name": "Libya", "cumulative": 1554098333.3168, "area": 1759540.0}, {"id": 438, "none": 1, "population": 37286.0, "name": "Liechtenstein", "cumulative": 160.0, "area": 160.0}, {"id": 440, "none": 1, "population": 2932367.0, "name": "Lithuania", "cumulative": 299088408.26, "area": 62675.0}, {"id": 442, "none": 1, "population": 556319.0, "name": "Luxembourg", "cumulative": 627989999.99634, "area": 2590.0}, {"id": 446, "none": 1, "population": 577914.0, "name": "Macao, China", "cumulative": 40545999.99913, "area": 30.3}, {"id": 450, "none": 1, "population": 23571713.0, "name": "Madagascar", "cumulative": 62289333.333401, "area": 581800.0}, {"id": 454, "none": 1, "population": 16695253.0, "name": "Malawi", "cumulative": 30818333.3336, "area": 94280.0}, {"id": 458, "none": 1, "population": 29901997.0, "name": "Malaysia", "cumulative": 3656819094.56, "area": 328550.0}, {"id": 462, "none": 1, "population": 401000.0, "name": "Maldives", "cumulative": 11128333.333811, "area": 300.0}, {"id": 466, "none": 1, "population": 17086022.0, "name": "Mali", "cumulative": 19301333.33317, "area": 1220190.0}, {"id": 470, "none": 1, "population": 427364.0, "name": "Malta", "cumulative": 77725999.9996, "area": 320.0}, {"id": 474, "none": 1, "population": -1.0, "name": "Martinique", "cumulative": 66527999.99998, "area": -1.0}, {"id": 478, "none": 1, "population": 3969625.0, "name": "Mauritania", "cumulative": 63096000.00067, "area": 1030700.0}, {"id": 480, "none": 1, "population": 1260934.0, "name": "Mauritius", "cumulative": 71060000.001, "area": 2030.0}, {"id": 484, "none": 1, "population": 125385833.0, "name": "Mexico", "cumulative": 14901373009.4356, "area": 1943950.0}, {"id": 492, "none": 1, "population": 37623.0, "name": "Monaco", "cumulative": 2.0, "area": 2.0}, {"id": 496, "none": 1, "population": 2909871.0, "name": "Mongolia", "cumulative": 336882333.3293, "area": 1553560.0}, {"id": 498, "none": 1, "population": 3556397.0, "name": "Moldova", "cumulative": 133221000.008, "area": 32880.0}, {"id": 499, "none": 1, "population": 621810.0, "name": "Montenegro", "cumulative": 15928000.0, "area": 13450.0}, {"id": 500, "none": 1, "population": -1.0, "name": "Montserrat", "cumulative": 1569333.333376, "area": -1.0}, {"id": 504, "none": 1, "population": 33921203.0, "name": "Morocco", "cumulative": 1105397333.34743, "area": 446300.0}, {"id": 508, "none": 1, "population": 27216276.0, "name": "Mozambique", "cumulative": 114385333.3347, "area": 786380.0}, {"id": 512, "none": 1, "population": 4236057.0, "name": "Oman", "cumulative": 613334333.3434, "area": 309500.0}, {"id": 516, "none": 1, "population": 2402858.0, "name": "Namibia", "cumulative": 37172666.668333, "area": 823290.0}, {"id": 520, "none": 1, "population": -1.0, "name": "Nauru", "cumulative": 5247000.0005, "area": -1.0}, {"id": 524, "none": 1, "population": 28174724.0, "name": "Nepal", "cumulative": 61471666.66681, "area": 143350.0}, {"id": 528, "none": 1, "population": 16865008.0, "name": "Netherlands", "cumulative": 10302259298.049, "area": 33670.0}, {"id": 531, "none": 1, "population": 155909.0, "name": "Cura\u00e7ao", "cumulative": 444.0, "area": 444.0}, {"id": 533, "none": 1, "population": 103441.0, "name": "Aruba", "cumulative": 42438000.0003, "area": 180.0}, {"id": 534, "none": 1, "population": 37685.0, "name": "Sint Maarten (Dutch part)", "cumulative": 34.0, "area": 34.0}, {"id": 535, "none": 1, "population": -1.0, "name": "Saba", "cumulative": 3358666.66678, "area": -1.0}, {"id": 540, "none": 1, "population": 266000.0, "name": "New Caledonia", "cumulative": 99604999.9984, "area": 18280.0}, {"id": 548, "none": 1, "population": 258883.0, "name": "Vanuatu", "cumulative": 3197333.33327, "area": 12190.0}, {"id": 554, "none": 1, "population": 4509700.0, "name": "New Zealand", "cumulative": 1526381110.4504, "area": 263310.0}, {"id": 558, "none": 1, "population": 6013913.0, "name": "Nicaragua", "cumulative": 122998333.334699, "area": 120340.0}, {"id": 562, "none": 1, "population": 19113728.0, "name": "Niger", "cumulative": 31280333.3338, "area": 1266700.0}, {"id": 566, "none": 1, "population": 177475986.0, "name": "Nigeria", "cumulative": 2626048333.31353, "area": 910770.0}, {"id": 570, "none": 1, "population": -1.0, "name": "Niue", "cumulative": 143000.000013, "area": -1.0}, {"id": 574, "none": 1, "population": -1.0, "name": "Norfolk Island", "cumulative": -1.0, "area": -1.0}, {"id": 578, "none": 1, "population": 5136886.0, "name": "Norway", "cumulative": 2185427680.42796, "area": 365245.0}, {"id": 580, "none": 1, "population": 54541.0, "name": "Northern Mariana Islands", "cumulative": 460.0, "area": 460.0}, {"id": 581, "none": 1, "population": -1.0, "name": "United States Minor Outlying Islands", "cumulative": -1.0, "area": -1.0}, {"id": 583, "none": 1, "population": 104044.0, "name": "Micronesia, Fed. Sts.", "cumulative": 626999.99999, "area": 700.0}, {"id": 584, "none": 1, "population": 52898.0, "name": "Marshall Islands", "cumulative": 1507000.00003, "area": 180.0}, {"id": 585, "none": 1, "population": 21097.0, "name": "Palau", "cumulative": 2797666.6666, "area": 460.0}, {"id": 586, "none": 1, "population": 185044286.0, "name": "Pakistan", "cumulative": 3152751835.73, "area": 770880.0}, {"id": 591, "none": 1, "population": 3867535.0, "name": "Panama", "cumulative": 191128666.66637, "area": 74340.0}, {"id": 598, "none": 1, "population": 7463577.0, "name": "Papua New Guinea", "cumulative": 100191666.66862, "area": 452860.0}, {"id": 600, "none": 1, "population": 6552518.0, "name": "Paraguay", "cumulative": 108262000.0033, "area": 397300.0}, {"id": 604, "none": 1, "population": 30973148.0, "name": "Peru", "cumulative": 1384108484.3041, "area": 1280000.0}, {"id": 608, "none": 1, "population": 99138690.0, "name": "Philippines", "cumulative": 2236991681.12309, "area": 298170.0}, {"id": 612, "none": 1, "population": -1.0, "name": "Pitcairn", "cumulative": -1.0, "area": -1.0}, {"id": 616, "none": 1, "population": 38011735.0, "name": "Poland", "cumulative": 24682985195.1578, "area": 306210.0}, {"id": 620, "none": 1, "population": 10401062.0, "name": "Portugal", "cumulative": 2124583119.32947, "area": 91600.0}, {"id": 624, "none": 1, "population": 1800513.0, "name": "Guinea-Bissau", "cumulative": 8447999.999966, "area": 28120.0}, {"id": 626, "none": 1, "population": 1212107.0, "name": "Timor-Leste", "cumulative": 1411666.6666, "area": 14870.0}, {"id": 630, "none": 1, "population": 3548397.0, "name": "Puerto Rico", "cumulative": 209000.0, "area": 8870.0}, {"id": 634, "none": 1, "population": 2172065.0, "name": "Qatar", "cumulative": 1207349212.4434, "area": 11610.0}, {"id": 638, "none": 1, "population": -1.0, "name": "Reunion", "cumulative": 65604000.00147, "area": -1.0}, {"id": 642, "none": 1, "population": 19904360.0, "name": "Romania", "cumulative": 7547510516.53042, "area": 230030.0}, {"id": 643, "none": 1, "population": 143819569.0, "name": "Russia", "cumulative": 33174318908.0, "area": 16376870.0}, {"id": 646, "none": 1, "population": 11341544.0, "name": "Rwanda", "cumulative": 21710333.3335, "area": 24670.0}, {"id": 652, "none": 1, "population": -1.0, "name": "Saint Barth\u00e9lemy", "cumulative": -1.0, "area": -1.0}, {"id": 654, "none": 1, "population": -1.0, "name": "St. Helena", "cumulative": 256666.666667, "area": -1.0}, {"id": 659, "none": 1, "population": 54944.0, "name": "St. Kitts and Nevis", "cumulative": 3571333.33338, "area": 260.0}, {"id": 660, "none": 1, "population": -1.0, "name": "Anguilla", "cumulative": 539000.00001, "area": -1.0}, {"id": 662, "none": 1, "population": 183645.0, "name": "St. Lucia", "cumulative": 8748666.666763, "area": 610.0}, {"id": 663, "none": 1, "population": 31530.0, "name": "Saint Martin (French part)", "cumulative": 54.4, "area": 54.4}, {"id": 666, "none": 1, "population": -1.0, "name": "St.-Pierre-et-Miquelon", "cumulative": 2995666.66676, "area": -1.0}, {"id": 670, "none": 1, "population": 109360.0, "name": "St. Vincent and the Grenadines", "cumulative": 4271666.666919, "area": 390.0}, {"id": 674, "none": 1, "population": 31595.0, "name": "San Marino", "cumulative": 60.0, "area": 60.0}, {"id": 678, "none": 1, "population": 186342.0, "name": "Sao Tome and Principe", "cumulative": 2826999.999837, "area": 960.0}, {"id": 682, "none": 1, "population": 30886545.0, "name": "Saudi Arabia", "cumulative": 10217338939.962, "area": 2149690.0}, {"id": 686, "none": 1, "population": 14672557.0, "name": "Senegal", "cumulative": 143296999.9994, "area": 192530.0}, {"id": 688, "none": 1, "population": 7129366.0, "name": "Serbia", "cumulative": 204079333.34, "area": 87460.0}, {"id": 690, "none": 1, "population": 91400.0, "name": "Seychelles", "cumulative": 11198000.000061, "area": 455.0}, {"id": 694, "none": 1, "population": 6315627.0, "name": "Sierra Leone", "cumulative": 67389666.66963, "area": 72180.0}, {"id": 702, "none": 1, "population": 5469724.0, "name": "Singapore", "cumulative": 1641144047.3097, "area": 707.0}, {"id": 703, "none": 1, "population": 5418649.0, "name": "Slovak Republic", "cumulative": 788089123.09, "area": 48088.0}, {"id": 704, "none": 1, "population": 90728900.0, "name": "Vietnam", "cumulative": 2271126758.2082, "area": 310070.0}, {"id": 705, "none": 1, "population": 2061980.0, "name": "Slovenia", "cumulative": 271223333.32, "area": 20140.0}, {"id": 706, "none": 1, "population": 10517569.0, "name": "Somalia", "cumulative": 19979666.666307, "area": 627340.0}, {"id": 710, "none": 1, "population": 54001953.0, "name": "South Africa", "cumulative": 17055122840.906, "area": 1213090.0}, {"id": 716, "none": 1, "population": 15245855.0, "name": "Zimbabwe", "cumulative": 602041000.0261, "area": 386850.0}, {"id": 724, "none": 1, "population": 46476032.0, "name": "Spain", "cumulative": 12248744737.382, "area": 500210.0}, {"id": 728, "none": 1, "population": 11911184.0, "name": "South Sudan", "cumulative": -1.0, "area": -1.0}, {"id": 729, "none": 1, "population": 39350274.0, "name": "Sudan", "cumulative": 266933333.3403, "area": 2376000.0}, {"id": 732, "none": 1, "population": -1.0, "name": "Western Sahara", "cumulative": 7553333.33307, "area": -1.0}, {"id": 740, "none": 1, "population": 538248.0, "name": "Suriname", "cumulative": 93708999.9946, "area": 156000.0}, {"id": 744, "none": 1, "population": -1.0, "name": "Svalbard and Jan Mayen", "cumulative": -1.0, "area": -1.0}, {"id": 748, "none": 1, "population": 1269112.0, "name": "Swaziland", "cumulative": 25882999.999807, "area": 17200.0}, {"id": 752, "none": 1, "population": 9696110.0, "name": "Sweden", "cumulative": 4507058868.11104, "area": 407340.0}, {"id": 756, "none": 1, "population": 8188102.0, "name": "Switzerland", "cumulative": 2602601944.3785, "area": 39516.0}, {"id": 760, "none": 1, "population": 22157800.0, "name": "Syria", "cumulative": 1459575333.34057, "area": 183630.0}, {"id": 762, "none": 1, "population": 8295840.0, "name": "Tajikistan", "cumulative": 52631333.332, "area": 139960.0}, {"id": 764, "none": 1, "population": 67725979.0, "name": "Thailand", "cumulative": 5619622016.02334, "area": 510890.0}, {"id": 768, "none": 1, "population": 7115163.0, "name": "Togo", "cumulative": 36589666.66594, "area": 54390.0}, {"id": 772, "none": 1, "population": -1.0, "name": "Tokelau", "cumulative": -1.0, "area": -1.0}, {"id": 776, "none": 1, "population": 105586.0, "name": "Tonga", "cumulative": 3651999.99989, "area": 720.0}, {"id": 780, "none": 1, "population": 1354483.0, "name": "Trinidad and Tobago", "cumulative": 1109458014.98081, "area": 5130.0}, {"id": 784, "none": 1, "population": 9086139.0, "name": "United Arab Emirates", "cumulative": 2926023075.65003, "area": 83600.0}, {"id": 788, "none": 1, "population": 10996600.0, "name": "Tunisia", "cumulative": 599921666.67328, "area": 155360.0}, {"id": 792, "none": 1, "population": 75932348.0, "name": "Turkey", "cumulative": 6990188961.1388, "area": 769630.0}, {"id": 795, "none": 1, "population": 5307188.0, "name": "Turkmenistan", "cumulative": 808334103.18, "area": 469930.0}, {"id": 796, "none": 1, "population": 33740.0, "name": "Turks and Caicos Islands", "cumulative": 1136666.66678, "area": 950.0}, {"id": 798, "none": 1, "population": 9893.0, "name": "Tuvalu", "cumulative": 30.0, "area": 30.0}, {"id": 800, "none": 1, "population": 37782971.0, "name": "Uganda", "cumulative": 59623666.669, "area": 200520.0}, {"id": 804, "none": 1, "population": 45362900.0, "name": "Ukraine", "cumulative": 7347719107.6, "area": 579320.0}, {"id": 807, "none": 1, "population": 2075625.0, "name": "Macedonia, FYR", "cumulative": 203419333.33, "area": 25220.0}, {"id": 818, "none": 1, "population": 89579670.0, "name": "Egypt", "cumulative": 4455038204.84543, "area": 995450.0}, {"id": 826, "none": 1, "population": 64559135.0, "name": "United Kingdom", "cumulative": 74861463570.713, "area": 241930.0}, {"id": 831, "none": 1, "population": -1.0, "name": "Guernsey", "cumulative": -1.0, "area": -1.0}, {"id": 832, "none": 1, "population": -1.0, "name": "Jersey", "cumulative": -1.0, "area": -1.0}, {"id": 833, "none": 1, "population": 87127.0, "name": "Isle of Man", "cumulative": 570.0, "area": 570.0}, {"id": 834, "none": 1, "population": 51822621.0, "name": "Tanzania", "cumulative": 138856666.6661, "area": 885800.0}, {"id": 840, "none": 1, "population": 318857056.0, "name": "United States", "cumulative": 360709282048.03, "area": 9147420.0}, {"id": 850, "none": 1, "population": 104170.0, "name": "Virgin Islands, U.S.", "cumulative": 350.0, "area": 350.0}, {"id": 854, "none": 1, "population": 17589198.0, "name": "Burkina Faso", "cumulative": 28475333.3328, "area": 273600.0}, {"id": 858, "none": 1, "population": 3419516.0, "name": "Uruguay", "cumulative": 297315333.33108, "area": 175020.0}, {"id": 860, "none": 1, "population": 30757700.0, "name": "Uzbekistan", "cumulative": 2332234714.0, "area": 425400.0}, {"id": 862, "none": 1, "population": 30693827.0, "name": "Venezuela, Bolivarian Republic of", "cumulative": 882050.0, "area": 882050.0}, {"id": 876, "none": 1, "population": -1.0, "name": "Wallis et Futuna", "cumulative": 231000.0, "area": -1.0}, {"id": 882, "none": 1, "population": 191845.0, "name": "Samoa", "cumulative": 4836333.33345, "area": 2830.0}, {"id": 887, "none": 1, "population": 26183676.0, "name": "Yemen", "cumulative": 472318000.00237, "area": 527970.0}, {"id": 894, "none": 1, "population": 15721343.0, "name": "Zambia", "cumulative": 137155333.335, "area": 743390.0}]